Name,Age
David,23
Karen,36
Linda,36
Ashley,32
Kimberly,32
Emily,26
Andrew,27
Daniel,30
Sandra,20
Nancy,28
Jessica,35
Margaret,31
Joshua,34
Melissa,29
Kevin,36
Michael,37
Christopher,26
Deborah,34
Timothy,34
Timothy,35
Mary,23
Deborah,34
Amanda,38
James,24
Lisa,30
Linda,30
Daniel,20
Richard,31
Brian,39
Christopher,26
Melissa,25
Nancy,27
Kimberly,30
Carol,24
Mary,23
Amanda,37
William,32
Emily,25
Sarah,27
Susan,32
John,32
Joseph,39
Nancy,35
Patricia,25
Anthony,34
Joseph,27
Sandra,23
Donald,36
Michael,33
Anthony,26
John,26
Elizabeth,31
Carol,29
Betty,27
Andrew,37
William,32
Sandra,35
Andrew,33
Sandra,29
Kenneth,25
Lisa,34
Mark,35
Betty,28
Paul,26
Thomas,29
Dorothy,32
Timothy,29
Steven,29
Sandra,31
Kimberly,36
Dorothy,24
Brian,29
Karen,25
Donna,41
Kevin,30
Paul,31
Sarah,36
Karen,26
Daniel,24
Ashley,32
Elizabeth,32
Anthony,34
David,34
Kimberly,37
Donna,30
Mark,33
William,29
Amanda,30
Margaret,29
Susan,33
Emily,31
Brian,33
Christopher,26
Nancy,30
Joseph,28
Steven,21
Anthony,28
Christopher,37
Paul,35
Kevin,32
